{"RuleTriggered": 1, "Violations": 1, "Details": {"algo-1": {"cpu": {"p25": 26.196875, "p50": 39.25, "p75": 62.429375, "p95": 76.850625, "upper": 98.0575, "lower": 0.0}, "gpu0": {"p25": 0.0, "p50": 0.0, "p75": 0.0, "p95": 14.0, "upper": 0.0, "lower": 0.0}, "gpu0_memory": {"p25": 0.0, "p50": 0.0, "p75": 0.0, "p95": 11.0, "upper": 0.0, "lower": 0.0}}, "last_timestamp": 1712769960000000}, "Datapoints": 1004, "RuleParameters": "cpu_threshold_p95:70\ngpu_threshold_p95:70\ngpu_memory_threshold_p95:70\npatience:1000\nwindow:500"}