{"RuleTriggered": 0, "Violations": 157, "Details": {"low_gpu_utilization": 830, "bottlenecks": {"1712770001.002744": {"GPUs": 1, "CPUs": 1}, "1712770002.006741": {"GPUs": 1, "CPUs": 4}, "1712770002.502652": {"GPUs": 1, "CPUs": 4}, "1712770003.004093": {"GPUs": 1, "CPUs": 4}, "1712770003.505239": {"GPUs": 1, "CPUs": 4}, "1712770004.005194": {"GPUs": 1, "CPUs": 4}, "1712770004.505231": {"GPUs": 1, "CPUs": 4}, "1712770005.011513": {"GPUs": 1, "CPUs": 1}, "1712770005.502424": {"GPUs": 1, "CPUs": 3}, "1712770006.002959": {"GPUs": 1, "CPUs": 4}, "1712770007.002616": {"GPUs": 1, "CPUs": 3}, "1712770007.502844": {"GPUs": 1, "CPUs": 1}, "1712770012.505519": {"GPUs": 1, "CPUs": 2}, "1712770013.002807": {"GPUs": 1, "CPUs": 4}, "1712770013.504781": {"GPUs": 1, "CPUs": 3}, "1712770014.006245": {"GPUs": 1, "CPUs": 2}, "1712770014.502913": {"GPUs": 1, "CPUs": 4}, "1712770015.002072": {"GPUs": 1, "CPUs": 3}, "1712770016.005252": {"GPUs": 1, "CPUs": 4}, "1712770016.505238": {"GPUs": 1, "CPUs": 4}, "1712770017.504054": {"GPUs": 1, "CPUs": 4}, "1712770018.002735": {"GPUs": 1, "CPUs": 4}, "1712770018.502086": {"GPUs": 1, "CPUs": 4}, "1712770019.002472": {"GPUs": 1, "CPUs": 4}, "1712770019.502438": {"GPUs": 1, "CPUs": 2}, "1712770022.002238": {"GPUs": 1, "CPUs": 2}, "1712770023.505889": {"GPUs": 1, "CPUs": 1}, "1712770024.003339": {"GPUs": 1, "CPUs": 1}, "1712770033.002377": {"GPUs": 1, "CPUs": 1}, "1712770035.503509": {"GPUs": 1, "CPUs": 1}, "1712770041.502571": {"GPUs": 1, "CPUs": 1}, "1712770042.002045": {"GPUs": 1, "CPUs": 1}, "1712770042.50255": {"GPUs": 1, "CPUs": 1}, "1712770056.002067": {"GPUs": 1, "CPUs": 1}, "1712770162.503044": {"GPUs": 1, "CPUs": 1}, "1712770170.002636": {"GPUs": 1, "CPUs": 1}, "1712770176.502715": {"GPUs": 1, "CPUs": 1}, "1712770177.002893": {"GPUs": 1, "CPUs": 1}, "1712770177.503055": {"GPUs": 1, "CPUs": 1}, "1712770178.502367": {"GPUs": 1, "CPUs": 1}, "1712770182.00236": {"GPUs": 1, "CPUs": 1}, "1712770187.002847": {"GPUs": 1, "CPUs": 1}, "1712770187.502025": {"GPUs": 1, "CPUs": 1}, "1712770188.002037": {"GPUs": 1, "CPUs": 1}, "1712770195.002831": {"GPUs": 1, "CPUs": 1}, "1712770195.502569": {"GPUs": 1, "CPUs": 1}, "1712770196.502801": {"GPUs": 1, "CPUs": 1}, "1712770202.002588": {"GPUs": 1, "CPUs": 2}, "1712770209.502603": {"GPUs": 1, "CPUs": 1}, "1712770262.502042": {"GPUs": 1, "CPUs": 1}, "1712770300.002658": {"GPUs": 1, "CPUs": 1}, "1712770305.002159": {"GPUs": 1, "CPUs": 1}, "1712770307.002857": {"GPUs": 1, "CPUs": 1}, "1712770307.502198": {"GPUs": 1, "CPUs": 1}, "1712770308.00204": {"GPUs": 1, "CPUs": 1}, "1712770308.502832": {"GPUs": 1, "CPUs": 1}, "1712770310.003024": {"GPUs": 1, "CPUs": 1}, "1712770310.502988": {"GPUs": 1, "CPUs": 1}, "1712770311.502878": {"GPUs": 1, "CPUs": 1}, "1712770313.502839": {"GPUs": 1, "CPUs": 1}, "1712770317.002809": {"GPUs": 1, "CPUs": 1}, "1712770317.502785": {"GPUs": 1, "CPUs": 1}, "1712770329.002705": {"GPUs": 1, "CPUs": 1}, "1712770338.502159": {"GPUs": 1, "CPUs": 1}, "1712770342.002888": {"GPUs": 1, "CPUs": 1}, "1712770342.502632": {"GPUs": 1, "CPUs": 1}, "1712770343.002461": {"GPUs": 1, "CPUs": 1}, "1712770345.502577": {"GPUs": 1, "CPUs": 1}, "1712770346.002697": {"GPUs": 1, "CPUs": 1}, "1712770347.002768": {"GPUs": 1, "CPUs": 1}, "1712770350.002697": {"GPUs": 1, "CPUs": 1}, "1712770351.50299": {"GPUs": 1, "CPUs": 1}, "1712770352.00206": {"GPUs": 1, "CPUs": 1}, "1712770354.002586": {"GPUs": 1, "CPUs": 1}, "1712770354.50281": {"GPUs": 1, "CPUs": 1}, "1712770360.00297": {"GPUs": 1, "CPUs": 1}, "1712770361.502134": {"GPUs": 1, "CPUs": 1}, "1712770362.502937": {"GPUs": 1, "CPUs": 1}, "1712770363.502802": {"GPUs": 1, "CPUs": 1}, "1712770365.002901": {"GPUs": 1, "CPUs": 1}, "1712770369.502979": {"GPUs": 1, "CPUs": 1}, "1712770371.5029": {"GPUs": 1, "CPUs": 1}, "1712770373.002495": {"GPUs": 1, "CPUs": 1}, "1712770374.002301": {"GPUs": 1, "CPUs": 1}, "1712770377.002048": {"GPUs": 1, "CPUs": 1}, "1712770377.502063": {"GPUs": 1, "CPUs": 1}, "1712770378.002934": {"GPUs": 1, "CPUs": 1}, "1712770378.502833": {"GPUs": 1, "CPUs": 1}, "1712770379.002283": {"GPUs": 1, "CPUs": 1}, "1712770382.002994": {"GPUs": 1, "CPUs": 1}, "1712770382.502751": {"GPUs": 1, "CPUs": 1}, "1712770384.50287": {"GPUs": 1, "CPUs": 1}, "1712770385.002991": {"GPUs": 1, "CPUs": 1}, "1712770386.003051": {"GPUs": 1, "CPUs": 1}, "1712770386.50199": {"GPUs": 1, "CPUs": 1}, "1712770387.003057": {"GPUs": 1, "CPUs": 1}, "1712770389.502284": {"GPUs": 1, "CPUs": 1}, "1712770390.002232": {"GPUs": 1, "CPUs": 1}, "1712770391.002081": {"GPUs": 1, "CPUs": 1}, "1712770392.00229": {"GPUs": 1, "CPUs": 1}, "1712770393.002004": {"GPUs": 1, "CPUs": 1}, "1712770394.002011": {"GPUs": 1, "CPUs": 1}, "1712770394.502003": {"GPUs": 1, "CPUs": 1}, "1712770395.00237": {"GPUs": 1, "CPUs": 1}, "1712770396.002311": {"GPUs": 1, "CPUs": 1}, "1712770400.003059": {"GPUs": 1, "CPUs": 1}, "1712770400.502299": {"GPUs": 1, "CPUs": 1}, "1712770401.502087": {"GPUs": 1, "CPUs": 1}, "1712770405.002049": {"GPUs": 1, "CPUs": 1}, "1712770407.003028": {"GPUs": 1, "CPUs": 1}, "1712770407.502728": {"GPUs": 1, "CPUs": 1}, "1712770408.002846": {"GPUs": 1, "CPUs": 1}, "1712770408.502623": {"GPUs": 1, "CPUs": 1}, "1712770410.002603": {"GPUs": 1, "CPUs": 1}, "1712770422.502212": {"GPUs": 1, "CPUs": 1}, "1712770423.50264": {"GPUs": 1, "CPUs": 1}, "1712770424.002821": {"GPUs": 1, "CPUs": 1}, "1712770425.002939": {"GPUs": 1, "CPUs": 1}, "1712770427.503012": {"GPUs": 1, "CPUs": 1}, "1712770428.50207": {"GPUs": 1, "CPUs": 1}, "1712770429.002187": {"GPUs": 1, "CPUs": 1}, "1712770434.502532": {"GPUs": 1, "CPUs": 1}, "1712770435.502995": {"GPUs": 1, "CPUs": 1}, "1712770437.003027": {"GPUs": 1, "CPUs": 1}, "1712770440.002169": {"GPUs": 1, "CPUs": 1}, "1712770441.002047": {"GPUs": 1, "CPUs": 1}, "1712770443.502604": {"GPUs": 1, "CPUs": 1}, "1712770444.00229": {"GPUs": 1, "CPUs": 1}, "1712770444.503041": {"GPUs": 1, "CPUs": 1}, "1712770446.502063": {"GPUs": 1, "CPUs": 1}, "1712770447.002205": {"GPUs": 1, "CPUs": 1}, "1712770448.002328": {"GPUs": 1, "CPUs": 1}, "1712770450.50271": {"GPUs": 1, "CPUs": 1}, "1712770454.502031": {"GPUs": 1, "CPUs": 1}, "1712770456.502248": {"GPUs": 1, "CPUs": 1}, "1712770457.502074": {"GPUs": 1, "CPUs": 1}, "1712770458.002298": {"GPUs": 1, "CPUs": 1}, "1712770459.002842": {"GPUs": 1, "CPUs": 1}, "1712770460.002285": {"GPUs": 1, "CPUs": 1}, "1712770461.502475": {"GPUs": 1, "CPUs": 1}, "1712770468.002039": {"GPUs": 1, "CPUs": 1}, "1712770469.002901": {"GPUs": 1, "CPUs": 1}, "1712770472.002641": {"GPUs": 1, "CPUs": 1}, "1712770474.001992": {"GPUs": 1, "CPUs": 1}, "1712770474.50213": {"GPUs": 1, "CPUs": 1}, "1712770476.002721": {"GPUs": 1, "CPUs": 1}, "1712770476.502669": {"GPUs": 1, "CPUs": 1}, "1712770477.002712": {"GPUs": 1, "CPUs": 1}, "1712770477.502192": {"GPUs": 1, "CPUs": 1}, "1712770478.003041": {"GPUs": 1, "CPUs": 1}, "1712770481.502009": {"GPUs": 1, "CPUs": 1}, "1712770482.002022": {"GPUs": 1, "CPUs": 1}, "1712770485.002986": {"GPUs": 1, "CPUs": 1}, "1712770486.502934": {"GPUs": 1, "CPUs": 1}, "1712770487.003053": {"GPUs": 1, "CPUs": 1}, "1712770487.502957": {"GPUs": 1, "CPUs": 1}, "1712770496.002331": {"GPUs": 1, "CPUs": 1}}}, "Datapoints": 1008, "RuleParameters": "threshold:50\ncpu_threshold:90\ngpu_threshold:10\npatience:1000"}