{"RuleTriggered": 0, "Violations": 0, "Details": {"pin_memory": false, "num_workers": 0, "cores": 4, "dataloaders": 1, "dataloading_time": {"p25": 0.342154, "p50": 0.358307, "p95": 0.4840522, "probs": [1, 0, 0, 0, 0, 0, 0, 0, 0, 0, 0, 0, 0, 0, 0, 0, 0, 0, 0, 1, 0, 0, 0, 0, 0, 0, 0, 1, 1, 0, 0, 0, 0, 0, 0, 0, 0, 0, 0, 0, 0, 0, 0, 0, 0, 0, 0, 0, 0, 0, 0, 0, 0, 0, 0, 0, 0, 0, 0, 0, 0, 0, 0, 0, 0, 0, 0, 0, 0, 0, 0, 0, 0, 0, 0, 0, 0, 0, 0, 0, 0, 0, 0, 0, 0, 0, 0, 0, 0, 0, 0, 0, 0, 0, 0, 0, 0, 0, 0, 1], "binedges": [0.299982, 0.30212855000000005, 0.3042751, 0.30642165000000005, 0.3085682, 0.31071475000000004, 0.3128613, 0.31500785000000003, 0.3171544, 0.31930095000000003, 0.3214475, 0.32359405, 0.32574060000000005, 0.32788715, 0.33003370000000004, 0.33218025, 0.33432680000000004, 0.33647335, 0.33861990000000003, 0.34076645, 0.342913, 0.34505955, 0.3472061, 0.34935265000000004, 0.3514992, 0.35364575000000004, 0.3557923, 0.35793885000000003, 0.3600854, 0.36223195, 0.36437850000000005, 0.36652505, 0.3686716, 0.37081815, 0.37296470000000004, 0.37511125, 0.37725780000000003, 0.37940435, 0.3815509, 0.38369745, 0.385844, 0.38799055000000005, 0.3901371, 0.39228365, 0.3944302, 0.39657675000000003, 0.3987233, 0.40086985, 0.4030164, 0.40516295, 0.4073095, 0.40945605, 0.41160260000000004, 0.41374915, 0.4158957, 0.41804225, 0.42018880000000003, 0.42233535, 0.4244819, 0.42662845000000005, 0.428775, 0.43092155, 0.4330681, 0.43521465000000004, 0.4373612, 0.43950775, 0.4416543, 0.44380085, 0.4459474, 0.44809394999999996, 0.45024050000000004, 0.45238705, 0.4545336, 0.45668015, 0.45882670000000003, 0.46097325, 0.46311979999999997, 0.46526635, 0.4674129, 0.46955945, 0.471706, 0.47385255000000004, 0.4759991, 0.47814565, 0.4802922, 0.48243875, 0.4845853, 0.48673184999999997, 0.4888784, 0.49102495, 0.4931715, 0.49531805, 0.49746460000000003, 0.49961115, 0.5017577, 0.5039042499999999, 0.5060508, 0.50819735, 0.5103439, 0.51249045, 0.514637]}}, "Datapoints": 5, "RuleParameters": "min_threshold:70\nmax_threshold:200"}