{"RuleTriggered": 0, "Violations": 28, "Details": {"low_gpu_utilization": 830, "bottlenecks": {"1712769999.002579": {"GPUs": 1, "CPUs": 1}, "1712770000.502494": {"GPUs": 1, "CPUs": 1}, "1712770001.002744": {"GPUs": 1, "CPUs": 1}, "1712770008.002136": {"GPUs": 1, "CPUs": 1}, "1712770011.002627": {"GPUs": 1, "CPUs": 1}, "1712770108.002609": {"GPUs": 1, "CPUs": 1}, "1712770141.502836": {"GPUs": 1, "CPUs": 1}, "1712770249.002282": {"GPUs": 1, "CPUs": 1}, "1712770293.502388": {"GPUs": 1, "CPUs": 1}, "1712770294.502545": {"GPUs": 1, "CPUs": 1}, "1712770297.002481": {"GPUs": 1, "CPUs": 1}, "1712770299.002736": {"GPUs": 1, "CPUs": 1}, "1712770300.002658": {"GPUs": 1, "CPUs": 1}, "1712770301.502316": {"GPUs": 1, "CPUs": 1}, "1712770302.50204": {"GPUs": 1, "CPUs": 1}, "1712770303.002975": {"GPUs": 1, "CPUs": 1}, "1712770306.002629": {"GPUs": 1, "CPUs": 1}, "1712770310.003024": {"GPUs": 1, "CPUs": 1}, "1712770310.502988": {"GPUs": 1, "CPUs": 1}, "1712770311.003059": {"GPUs": 1, "CPUs": 1}, "1712770313.00302": {"GPUs": 1, "CPUs": 1}, "1712770313.502839": {"GPUs": 1, "CPUs": 1}, "1712770314.002845": {"GPUs": 1, "CPUs": 1}, "1712770315.503004": {"GPUs": 1, "CPUs": 1}, "1712770316.003029": {"GPUs": 1, "CPUs": 1}, "1712770317.002809": {"GPUs": 1, "CPUs": 1}, "1712770317.502785": {"GPUs": 1, "CPUs": 1}, "1712770318.502867": {"GPUs": 1, "CPUs": 1}}}, "Datapoints": 1008, "RuleParameters": "threshold:50\nio_threshold:50\ngpu_threshold:10\npatience:1000"}