{"RuleTriggered": 0, "Violations": 0, "Details": {"step_num": {"first": 1712770312058829, "last": 1712770499709820}, "job_start": 1712769997.501997, "job_end": 1712770499.503059}, "Datapoints": 453, "RuleParameters": "threshold:20"}