{"RuleTriggered": 0, "Violations": 0, "Details": {"ratio": {"gpu_functions-dev:0": 50.10129827407545, "cpu_functions": 49.89870172592455}, "phase": {"Step:ModeKeys.TRAIN": 29.805252180075243, "others": 69.20120507152848, "Step:ModeKeys.EVAL": 0.9935427483962743}, "phase_time": {}, "CPU": {"aten::conv2d": 23.17517916417478, "aten::convolution": 23.173514062874723, "aten::_convolution": 23.172305117591943, "aten::cudnn_convolution": 23.170541138542475, "aten::linear": 2.4263254967707115, "aten::addmm": 2.4259049367432226, "enumerate(DataLoader)#_SingleProcessDataLoaderIter.__next__": 2.45623008330213}, "CPU_total": {"aten::conv2d": 17578661, "aten::convolution": 17577398, "aten::_convolution": 17576481, "aten::cudnn_convolution": 17575143, "aten::linear": 1840398, "aten::addmm": 1840079, "enumerate(DataLoader)#_SingleProcessDataLoaderIter.__next__": 1863081}, "GPU": {"aten::conv2d": 23.180606261975566, "aten::convolution": 23.17994274117707, "aten::_convolution": 23.179318637455708, "aten::cudnn_convolution": 23.178542121036077, "aten::linear": 2.4169369189068797, "aten::addmm": 2.4167227527877597, "enumerate(DataLoader)#_SingleProcessDataLoaderIter.__next__": 2.4479305666609523}, "GPU_total": {"aten::conv2d": 17642561, "aten::convolution": 17642056, "aten::_convolution": 17641581, "aten::cudnn_convolution": 17640990, "aten::linear": 1839510, "aten::addmm": 1839347, "enumerate(DataLoader)#_SingleProcessDataLoaderIter.__next__": 1863099}, "general": {"DataLoaderIterInitialize": 0.001985888144384825, "DataLoaderIter": 4.852996052297433, "Forward": 95.14501805955818}}, "Datapoints": 0, "RuleParameters": ""}