{"RuleTriggered": 0, "Violations": 0, "Details": {"step_details": {"algo-1-27": {"step_stats": {"mean": 0.08499336276849642, "max": 11.791855, "p99": 1.6747489999999992, "p95": 0.0133647, "p50": 0.010497, "min": 0.009056}, "number_of_outliers": 2, "phase": "Step:ModeKeys.TRAIN", "stddev": 0.83, "probs": [412, 0, 0, 0, 0, 0, 0, 0, 0, 0, 0, 0, 0, 0, 0, 0, 0, 0, 0, 0, 0, 0, 0, 0, 0, 0, 0, 0, 0, 0, 0, 0, 0, 0, 0, 0, 0, 0, 1, 0, 0, 0, 0, 0, 0, 0, 0, 0, 0, 0, 0, 0, 0, 0, 0, 0, 0, 0, 0, 0, 0, 0, 0, 0, 0, 0, 0, 0, 0, 0, 0, 0, 0, 0, 0, 0, 0, 0, 0, 0, 0, 0, 1, 0, 0, 0, 0, 0, 0, 1, 0, 0, 0, 0, 0, 1, 0, 0, 0, 1], "binedges": [0.009056, 0.027890569999999996, 0.04672514, 0.06555971, 0.08439427999999999, 0.10322884999999998, 0.12206341999999999, 0.14089799, 0.15973256, 0.17856713, 0.19740169999999999, 0.21623626999999998, 0.23507084, 0.25390541, 0.27273998, 0.29157455, 0.31040912, 0.32924369, 0.34807826, 0.36691282999999997, 0.38574739999999996, 0.40458196999999996, 0.42341653999999995, 0.44225110999999995, 0.46108568, 0.47992025, 0.49875482, 0.5175893899999999, 0.5364239599999999, 0.5552585299999999, 0.5740930999999999, 0.5929276699999999, 0.6117622399999999, 0.6305968099999999, 0.6494313799999999, 0.6682659499999999, 0.6871005199999999, 0.7059350899999999, 0.7247696599999999, 0.7436042299999999, 0.7624387999999999, 0.7812733699999999, 0.8001079399999999, 0.8189425099999998, 0.8377770799999998, 0.8566116499999998, 0.8754462199999998, 0.8942807899999998, 0.9131153599999999, 0.9319499299999999, 0.9507844999999999, 0.9696190699999999, 0.9884536399999999, 1.00728821, 1.02612278, 1.0449573499999998, 1.06379192, 1.0826264899999998, 1.1014610599999999, 1.1202956299999998, 1.1391301999999999, 1.1579647699999998, 1.1767993399999999, 1.1956339099999997, 1.2144684799999999, 1.23330305, 1.2521376199999998, 1.27097219, 1.2898067599999998, 1.30864133, 1.3274758999999998, 1.34631047, 1.3651450399999998, 1.38397961, 1.4028141799999998, 1.42164875, 1.4404833199999998, 1.45931789, 1.4781524599999998, 1.4969870299999999, 1.5158215999999998, 1.5346561699999999, 1.5534907399999998, 1.5723253099999999, 1.5911598799999997, 1.6099944499999999, 1.6288290199999997, 1.6476635899999998, 1.6664981599999997, 1.6853327299999998, 1.7041672999999997, 1.7230018699999998, 1.7418364399999997, 1.7606710099999998, 1.7795055799999997, 1.7983401499999998, 1.81717472, 1.8360092899999998, 1.85484386, 1.8736784299999998, 1.892513], "step_numbers": ["0", "0"]}}}, "Datapoints": 453, "RuleParameters": "threshold:3\nmode:None\nn_outliers:10\nstddev:3"}