{"RuleTriggered": 8, "Violations": 8, "Details": {"algo-1": {"cpu": {"p25": 34.332499999999996, "p50": 37.04375, "p75": 40.74187500000001, "p95": 75.4785, "upper": 50.355937500000024, "lower": 24.71843749999998}, "gpu0": {"p25": 0.0, "p50": 0.0, "p75": 14.0, "p95": 14.0, "upper": 15.0, "lower": 0.0}, "gpu0_memory": {"p25": 0.0, "p50": 0.0, "p75": 11.0, "p95": 11.0, "upper": 11.0, "lower": 0.0}}, "last_timestamp": 1711903440000000}, "Datapoints": 1930, "RuleParameters": "cpu_threshold_p95:70\ngpu_threshold_p95:70\ngpu_memory_threshold_p95:70\npatience:1000\nwindow:500"}