{"RuleTriggered": 0, "Violations": 0, "Details": {"pin_memory": false, "num_workers": 0, "cores": 4, "dataloaders": 1, "dataloading_time": {"p25": 0.447181, "p50": 0.468544, "p95": 0.686097, "probs": [1, 0, 0, 0, 0, 0, 0, 0, 0, 0, 0, 0, 0, 0, 0, 0, 0, 0, 0, 0, 0, 0, 0, 0, 0, 0, 0, 0, 0, 0, 0, 0, 1, 0, 0, 0, 0, 0, 1, 0, 0, 0, 0, 0, 0, 0, 0, 0, 0, 0, 0, 0, 0, 0, 0, 0, 0, 0, 0, 0, 0, 0, 0, 0, 0, 0, 0, 0, 1, 0, 0, 0, 0, 0, 0, 0, 0, 0, 0, 0, 0, 0, 0, 0, 0, 0, 0, 0, 0, 0, 0, 0, 0, 0, 0, 0, 0, 0, 0, 1], "binedges": [0.319675, 0.32358976, 0.32750451999999997, 0.33141928, 0.33533404, 0.33924879999999996, 0.34316356, 0.34707832, 0.35099307999999996, 0.35490784, 0.3588226, 0.36273736, 0.36665211999999997, 0.37056688, 0.37448164, 0.37839639999999997, 0.38231116, 0.38622592, 0.39014068, 0.39405544, 0.3979702, 0.40188495999999996, 0.40579972, 0.40971448, 0.41362924, 0.41754399999999997, 0.42145876, 0.42537351999999995, 0.42928827999999997, 0.43320304, 0.4371178, 0.44103255999999996, 0.44494732, 0.44886207999999994, 0.45277683999999996, 0.4566916, 0.46060636, 0.46452112, 0.46843587999999997, 0.47235064, 0.47626539999999995, 0.48018015999999997, 0.48409492, 0.48800968, 0.49192443999999996, 0.4958392, 0.49975395999999994, 0.50366872, 0.50758348, 0.51149824, 0.515413, 0.5193277599999999, 0.5232425199999999, 0.52715728, 0.53107204, 0.5349868, 0.53890156, 0.54281632, 0.54673108, 0.5506458399999999, 0.5545606, 0.55847536, 0.56239012, 0.56630488, 0.5702196399999999, 0.5741343999999999, 0.57804916, 0.58196392, 0.58587868, 0.58979344, 0.5937082, 0.59762296, 0.60153772, 0.60545248, 0.60936724, 0.613282, 0.6171967599999999, 0.6211115199999999, 0.6250262799999999, 0.62894104, 0.6328558, 0.63677056, 0.64068532, 0.64460008, 0.64851484, 0.6524295999999999, 0.65634436, 0.66025912, 0.6641738799999999, 0.6680886399999999, 0.6720033999999999, 0.6759181599999999, 0.67983292, 0.68374768, 0.68766244, 0.6915772, 0.69549196, 0.69940672, 0.7033214799999999, 0.70723624, 0.711151]}}, "Datapoints": 5, "RuleParameters": "min_threshold:70\nmax_threshold:200"}