{"RuleTriggered": 0, "Violations": 17, "Details": {"low_gpu_utilization": 1324, "bottlenecks": {"1711903495.501977": {"GPUs": 1, "CPUs": 1}, "1711903551.502049": {"GPUs": 1, "CPUs": 1}, "1711903553.002044": {"GPUs": 1, "CPUs": 1}, "1711903556.501589": {"GPUs": 1, "CPUs": 1}, "1711903683.001725": {"GPUs": 1, "CPUs": 1}, "1711903735.501393": {"GPUs": 1, "CPUs": 1}, "1711903737.501963": {"GPUs": 1, "CPUs": 1}, "1711903740.001791": {"GPUs": 1, "CPUs": 1}, "1711903740.502016": {"GPUs": 1, "CPUs": 1}, "1711903741.002107": {"GPUs": 1, "CPUs": 1}, "1711903741.501467": {"GPUs": 1, "CPUs": 1}, "1711903742.501988": {"GPUs": 1, "CPUs": 1}, "1711903745.501777": {"GPUs": 1, "CPUs": 1}, "1711903752.00196": {"GPUs": 1, "CPUs": 1}, "1711903752.501952": {"GPUs": 1, "CPUs": 1}, "1711903755.50137": {"GPUs": 1, "CPUs": 1}, "1711903756.001304": {"GPUs": 1, "CPUs": 1}}}, "Datapoints": 1935, "RuleParameters": "threshold:50\nio_threshold:50\ngpu_threshold:10\npatience:1000"}