{"RuleTriggered": 0, "Violations": 0, "Details": {"step_num": {"first": 1711903753250716, "last": 1711904459921417}, "job_start": 1711903494.501242, "job_end": 1711904459.502208}, "Datapoints": 1649, "RuleParameters": "threshold:20"}