{"RuleTriggered": 0, "Violations": 0, "Details": {"ratio": {"gpu_functions-dev:0": 50.19543552693931, "cpu_functions": 49.80456447306068}, "phase": {"Step:ModeKeys.TRAIN": 8.832883649388696, "others": 91.1671163506113}, "phase_time": {}, "CPU": {"aten::conv2d": 21.7756035760967, "aten::convolution": 21.772277495984884, "aten::_convolution": 21.769786940010302, "aten::cudnn_convolution": 21.76583088003782, "aten::linear": 2.89173035313708, "aten::addmm": 2.890961564154573, "enumerate(DataLoader)#_SingleProcessDataLoaderIter.__next__": 7.133809190578652}, "CPU_total": {"aten::conv2d": 8157471, "aten::convolution": 8156225, "aten::_convolution": 8155292, "aten::cudnn_convolution": 8153810, "aten::linear": 1083286, "aten::addmm": 1082998, "enumerate(DataLoader)#_SingleProcessDataLoaderIter.__next__": 2672433}, "GPU": {"aten::conv2d": 21.793697410060428, "aten::convolution": 21.79246685606237, "aten::_convolution": 21.791400729538182, "aten::cudnn_convolution": 21.789926186385337, "aten::linear": 2.8727468728679133, "aten::addmm": 2.872097119140488, "enumerate(DataLoader)#_SingleProcessDataLoaderIter.__next__": 7.087664825945299}, "GPU_total": {"aten::conv2d": 8217661, "aten::convolution": 8217197, "aten::_convolution": 8216795, "aten::cudnn_convolution": 8216239, "aten::linear": 1083215, "aten::addmm": 1082970, "enumerate(DataLoader)#_SingleProcessDataLoaderIter.__next__": 2672517}, "general": {"DataLoaderIterInitialize": 0.0028275953216336893, "DataLoaderIter": 7.225724395111451, "Forward": 92.77144800956691}}, "Datapoints": 0, "RuleParameters": ""}