{"RuleTriggered": 0, "Violations": 0, "Details": {"step_details": {"algo-1-27": {"step_stats": {"mean": 0.019726383869011523, "max": 10.224739, "p99": 0.014065799999999998, "p95": 0.0126374, "p50": 0.009629, "min": 0.008999}, "number_of_outliers": 2, "phase": "Step:ModeKeys.TRAIN", "stddev": 0.26, "probs": [1639, 1, 0, 0, 0, 0, 0, 0, 0, 0, 0, 0, 0, 0, 0, 0, 0, 0, 0, 0, 0, 0, 0, 0, 0, 0, 0, 0, 0, 0, 0, 0, 0, 0, 0, 1, 0, 0, 0, 0, 0, 0, 0, 0, 0, 0, 0, 0, 0, 0, 0, 0, 0, 0, 0, 0, 0, 0, 0, 0, 0, 0, 0, 0, 0, 0, 0, 0, 0, 0, 0, 0, 0, 0, 0, 0, 0, 0, 0, 0, 0, 0, 0, 1, 0, 0, 0, 0, 1, 0, 0, 0, 0, 0, 0, 0, 1, 1, 0, 2], "binedges": [0.008999, 0.01661936, 0.02423972, 0.03186008, 0.039480440000000006, 0.047100800000000005, 0.054721160000000005, 0.062341520000000004, 0.06996188, 0.07758224, 0.08520260000000002, 0.09282296000000001, 0.10044332, 0.10806368, 0.11568404000000002, 0.12330440000000001, 0.13092476, 0.13854512000000002, 0.14616548000000001, 0.15378584, 0.16140620000000003, 0.16902656000000002, 0.17664692, 0.18426728, 0.19188764000000003, 0.19950800000000002, 0.20712836, 0.21474872000000003, 0.22236908000000002, 0.22998944000000002, 0.2376098, 0.24523016000000003, 0.25285052, 0.26047088, 0.26809124, 0.2757116, 0.28333196, 0.29095232, 0.29857268, 0.30619303999999997, 0.3138134, 0.32143376, 0.32905412, 0.33667448, 0.34429484, 0.3519152, 0.35953556, 0.36715592, 0.37477628, 0.38239664, 0.390017, 0.39763736, 0.40525772, 0.41287808, 0.42049844000000003, 0.4281188, 0.43573916, 0.44335952, 0.45097988, 0.45860024, 0.4662206, 0.47384096000000003, 0.48146132, 0.48908168, 0.49670204, 0.5043224000000001, 0.51194276, 0.51956312, 0.52718348, 0.53480384, 0.5424242, 0.55004456, 0.55766492, 0.56528528, 0.57290564, 0.580526, 0.58814636, 0.59576672, 0.60338708, 0.6110074400000001, 0.6186278000000001, 0.62624816, 0.63386852, 0.64148888, 0.64910924, 0.6567296, 0.66434996, 0.67197032, 0.67959068, 0.68721104, 0.6948314, 0.70245176, 0.71007212, 0.7176924800000001, 0.7253128400000001, 0.7329332000000001, 0.74055356, 0.74817392, 0.75579428, 0.76341464, 0.771035], "step_numbers": ["0", "1"]}}}, "Datapoints": 1649, "RuleParameters": "threshold:3\nmode:None\nn_outliers:10\nstddev:3"}