{"RuleTriggered": 0, "Violations": 19, "Details": {"low_gpu_utilization": 2054, "bottlenecks": {"1711284405.501493": {"GPUs": 1, "CPUs": 1}, "1711284406.501446": {"GPUs": 1, "CPUs": 1}, "1711284425.000883": {"GPUs": 1, "CPUs": 1}, "1711284589.000848": {"GPUs": 1, "CPUs": 1}, "1711284589.500626": {"GPUs": 1, "CPUs": 1}, "1711284593.501308": {"GPUs": 1, "CPUs": 1}, "1711284596.001353": {"GPUs": 1, "CPUs": 1}, "1711284596.501441": {"GPUs": 1, "CPUs": 1}, "1711284597.001428": {"GPUs": 1, "CPUs": 1}, "1711284597.501329": {"GPUs": 1, "CPUs": 1}, "1711284605.000737": {"GPUs": 1, "CPUs": 1}, "1711284608.001087": {"GPUs": 1, "CPUs": 1}, "1711284648.000508": {"GPUs": 1, "CPUs": 1}, "1711284648.500679": {"GPUs": 1, "CPUs": 1}, "1711284649.501002": {"GPUs": 1, "CPUs": 1}, "1711284652.001413": {"GPUs": 1, "CPUs": 1}, "1711284652.500862": {"GPUs": 1, "CPUs": 1}, "1711284653.000662": {"GPUs": 1, "CPUs": 1}, "1711284656.501411": {"GPUs": 1, "CPUs": 1}}}, "Datapoints": 2174, "RuleParameters": "threshold:50\nio_threshold:50\ngpu_threshold:10\npatience:1000"}