{"RuleTriggered": 0, "Violations": 0, "Details": {"step_num": {"first": 1711284632434428, "last": 1711285438990292}, "job_start": 1711284353.500499, "job_end": 1711285439.501171}, "Datapoints": 41, "RuleParameters": "threshold:20"}