{"RuleTriggered": 10, "Violations": 10, "Details": {"algo-1": {"cpu": {"p25": 12.745, "p50": 13.219999999999999, "p75": 14.026249999999997, "p95": 42.269, "upper": 15.948124999999994, "lower": 10.823125000000001}, "gpu0": {"p25": 0.0, "p50": 0.0, "p75": 0.0, "p95": 15.0, "upper": 0.0, "lower": 0.0}, "gpu0_memory": {"p25": 0.0, "p50": 0.0, "p75": 0.0, "p95": 0.0, "upper": 0.0, "lower": 0.0}}, "last_timestamp": 1711284300000000}, "Datapoints": 2172, "RuleParameters": "cpu_threshold_p95:70\ngpu_threshold_p95:70\ngpu_memory_threshold_p95:70\npatience:1000\nwindow:500"}