{"RuleTriggered": 0, "Violations": 0, "Details": {"pin_memory": false, "num_workers": 0, "cores": 8, "dataloaders": 1, "dataloading_time": {"p25": 4.37423275, "p50": 4.3935995000000005, "p95": 4.4354309, "probs": [1, 0, 0, 0, 0, 0, 0, 0, 0, 0, 0, 0, 0, 0, 0, 0, 0, 0, 0, 0, 0, 0, 0, 0, 0, 0, 0, 0, 0, 0, 0, 0, 0, 0, 0, 0, 0, 0, 0, 0, 0, 0, 0, 0, 0, 0, 0, 0, 0, 0, 0, 0, 0, 0, 0, 0, 0, 0, 0, 0, 0, 0, 0, 0, 0, 0, 0, 0, 0, 0, 0, 0, 0, 0, 0, 0, 0, 0, 0, 0, 0, 0, 0, 0, 0, 0, 0, 0, 0, 0, 0, 0, 0, 0, 0, 1, 3, 2, 2, 1], "binedges": [2.362661, 2.3835285500000003, 2.4043961, 2.42526365, 2.4461312, 2.46699875, 2.4878663000000003, 2.50873385, 2.5296014, 2.55046895, 2.5713365, 2.5922040500000003, 2.6130716, 2.6339391500000002, 2.6548067, 2.67567425, 2.6965418000000003, 2.71740935, 2.7382769000000002, 2.75914445, 2.780012, 2.8008795500000003, 2.8217471, 2.8426146500000002, 2.8634822, 2.88434975, 2.9052173000000003, 2.92608485, 2.9469524000000002, 2.96781995, 2.9886875, 3.0095550500000003, 3.0304226, 3.0512901500000003, 3.0721577, 3.09302525, 3.1138928000000003, 3.13476035, 3.1556279000000003, 3.17649545, 3.197363, 3.2182305500000004, 3.2390981, 3.2599656500000003, 3.2808332, 3.30170075, 3.3225683000000004, 3.34343585, 3.3643034000000003, 3.38517095, 3.4060385, 3.4269060500000004, 3.4477736000000005, 3.4686411500000003, 3.4895087, 3.51037625, 3.5312438000000004, 3.5521113500000006, 3.5729789000000003, 3.59384645, 3.614714, 3.6355815500000004, 3.6564491000000006, 3.6773166500000003, 3.6981842, 3.71905175, 3.7399193000000004, 3.7607868500000006, 3.7816544000000003, 3.80252195, 3.8233895, 3.8442570500000004, 3.8651246000000006, 3.8859921500000003, 3.9068597, 3.9277272500000002, 3.9485948000000004, 3.9694623500000006, 3.9903299000000003, 4.01119745, 4.032065, 4.05293255, 4.073800100000001, 4.09466765, 4.1155352, 4.13640275, 4.1572703, 4.178137850000001, 4.199005400000001, 4.21987295, 4.2407405, 4.26160805, 4.282475600000001, 4.30334315, 4.3242107, 4.34507825, 4.3659458, 4.386813350000001, 4.407680900000001, 4.428548450000001, 4.449416]}}, "Datapoints": 10, "RuleParameters": "min_threshold:70\nmax_threshold:200"}