{"RuleTriggered": 0, "Violations": 0, "Details": {"ratio": {"gpu_functions-dev:0": 50.50370863970861, "cpu_functions": 49.49629136029138}, "phase": {"Step:ModeKeys.GLOBAL": 139.07219465918425, "others": -39.07219465918427}, "phase_time": {}, "CPU": {"aten::to": 6.102691908888094, "aten::copy_": 4.786530959268443, "aten::item": 4.039512474635673, "enumerate(DataLoader)#_SingleProcessDataLoaderIter.__next__": 74.24497435013441, "aten::lt": 5.22272197141314, "aten::eq": 5.603568335660231}, "CPU_total": {"aten::to": 3613562, "aten::copy_": 2834229, "aten::item": 2391900, "enumerate(DataLoader)#_SingleProcessDataLoaderIter.__next__": 43962373, "aten::lt": 3092509, "aten::eq": 3318018}, "GPU": {"aten::conv2d": 3.464256303096568, "aten::convolution": 3.4571928795407305, "aten::_convolution": 3.4510745722886447, "aten::cudnn_convolution": 3.4428605723630206, "aten::to": 4.911155985546296, "aten::copy_": 3.8540756863811767, "aten::item": 3.510365944630097, "enumerate(DataLoader)#_SingleProcessDataLoaderIter.__next__": 64.5181472750081, "aten::lt": 4.528323712078713, "aten::eq": 4.862547069066663}, "GPU_total": {"aten::conv2d": 2360536, "aten::convolution": 2355723, "aten::_convolution": 2351554, "aten::cudnn_convolution": 2345957, "aten::to": 3346450, "aten::copy_": 2626158, "aten::item": 2391955, "enumerate(DataLoader)#_SingleProcessDataLoaderIter.__next__": 43962512, "aten::lt": 3085589, "aten::eq": 3313328}, "general": {"DataLoaderIterInitialize": 0.0005737474922589514, "DataLoaderIter": 3.1873657373398374, "Forward": 96.81206051516791}}, "Datapoints": 0, "RuleParameters": ""}